ma_khach_hang,ho_ten,gioi_tinh,so_dien_thoai,ngay_sinh,tinh_thanh,hang_thanh_vien,diem_tich_luy,ngay_dang_ky
KH0001,Hoàng Đức Vũ,Nam,84792449353,09/08/1997,Hải Phòng,,,27/05/2023
KH0002,Nguyễn Hữu Huy,M,0784278680,05/12/1969,Hồ Chí Minh,,,05/07/2024
KH0003,Nguyễn Thanh Kiên,Nam,+84353315869,1980,Bình Dương,Bạc,11754,26/07/2022
KH0004,Hoàng Minh Huy,m,84936073375,1979,Bình Dương,Kim Cương,18258,25/05/2020
KH0005,Bùi Thùy Thảo,f,0795014294,10/1971,Hồ Chí Minh,,,17/02/2024
KH0006,Dương Lan Nga,female,0916088356,11/10/1986,Huế,,,22/07/2022
KH0007,Phan Kim Yến,F,0976629946,07-05-1984,Hồ Chí Minh,,,15/11/2023
KH0008,Võ Xuân Huy,m,84961489513,05/04/1979,Hà Nội,Vàng,31138,28/02/2024
KH0009,Phan Lan Nga,f,+84367632016,17-12-1976,Hà Nội,,,28/02/2021
KH0010,Lê Bích Mai,Nữ,0799579868,28-12-1975,Đồng Nai,Kim Cương,49268,27/11/2021
KH0011,Hồ Thùy Quỳnh,f,84984714345,1999,Đà Nẵng,,,23/04/2021
KH0012,Phan Trọng Kiên,Nam,0386036690,01/1995,Bình Dương,,,24/12/2024
KH0013,Vũ Quang Long,Nam,0390656272,19/10/1990,Hải Phòng,,,05/08/2023
KH0014,Nguyễn Thanh Hải,male,0977556464,24/01/1995,Hồ Chí Minh,Vàng,42607,25/11/2020
KH0015,Hồ Văn Tuấn,M,+84909232719,12/1994,Bắc Ninh,,,24/12/2024
KH0016,Hồ Minh Long,Nam,+84770496631,12/1971,Hải Phòng,,,12/09/2020
KH0017,Bùi Thu Linh,Nữ,0785067165,07/1974,Đồng Nai,,,27/12/2023
KH0018,Huỳnh Thanh Hiền,Nữ,0327379965,06-06-1996,Đà Nẵng,Kim Cương,16931,09/10/2022
KH0019,Võ Thị Yến,F,0923678377,1966,Bình Dương,,,10/11/2021
KH0020,Vũ Thùy Yến,female,+84378557444,12/1972,Hải Phòng,,,25/12/2024
KH0021,Phạm Quang Khải,Nam,+84329894134,10/03/1988,Bắc Ninh,Kim Cương,2982,18/05/2020
KH0022,Bùi Xuân Dũng,Nam,84774777520,27/02/1995,Bình Dương,,,19/11/2020
KH0023,Lê Minh Huy,Nam,+84331318699,15-07-1998,Huế,,,10/10/2023
KH0024,Đặng Đức Huy,M,0783412328,14-01-1975,Đồng Nai,Kim Cương,2139,10/12/2021
KH0025,Đỗ Bích Linh,f,+84984936183,03/03/1982,Bắc Ninh,Kim Cương,38996,10/08/2024
KH0026,Vũ Thanh Khải,Nam,0328877190,09/10/1985,Hải Phòng,Vàng,44190,19/01/2024
KH0027,Đặng Thị Dung,F,0398742967,06/1995,Hồ Chí Minh,,,28/03/2020
KH0028,Phan Bích Hoa,f,0368071545,27/09/1990,Đồng Nai,,,07/09/2020
KH0029,Đặng Bích Mai,Nu,0913482477,1966,Bắc Ninh,Kim Cương,36099,18/07/2020
KH0030,Phạm Đức Phong,Nam,0782748467,1980,Bình Dương,Vàng,39280,24/03/2024
KH0031,Hoàng Trọng Kiên,Nam,0320449972,08/1999,Bình Dương,,,28/04/2022
KH0032,Đặng Trọng Tuấn,Nam,+84915766270,11/10/1997,Đồng Nai,Bạc,34468,01/12/2023
KH0033,Phan Minh Dũng,Nam,84325961586,02/09/1996,Đà Nẵng,,,08/12/2022
KH0034,Phan Đức Huy,m,84937240050,1987,Đà Nẵng,,,19/11/2023
KH0035,Lê Minh Dũng,Nam,84369379237,22/05/1994,Đồng Nai,Kim Cương,44407,06/02/2024
KH0036,Huỳnh Lan Hoa,f,+84374743671,10/1989,Huế,Bạc,43137,09/01/2023
KH0037,Dương Bá Khải,Nam,+84333953394,21/11/1971,Huế,,,19/06/2020
KH0038,Trần Thanh Kiên,m,84372328588,27-05-1975,Huế,,,26/02/2022
KH0039,Trần Minh Dung,F,0368516048,06/1994,Bình Dương,,,04/11/2022
KH0040,Vũ Văn Mạnh,Nam,+84349317461,10-01-1967,Hải Phòng,Bạc,15387,05/07/2024
KH0041,Huỳnh Thùy Thảo,Nữ,84946179640,1978,Hồ Chí Minh,Bạc,44936,18/11/2022
KH0042,Nguyễn Phương Hoa,F,+84937139005,07/10/1973,Đà Nẵng,,,27/04/2021
KH0043,Hồ Minh Dung,Nữ,0904228421,1973,Hồ Chí Minh,Bạc,11419,02/03/2022
KH0044,Võ Ngọc Hằng,Nữ,+84397589178,12/1967,Đồng Nai,,,02/08/2020
KH0045,Phan Ngọc Quỳnh,f,84381159212,09/2002,Bình Dương,,,10/08/2024
KH0046,Trần Ngọc Hiền,f,0788367365,24/07/1990,Hồ Chí Minh,,,22/05/2022
KH0047,Lê Bích Linh,Nữ,84921615280,12-07-1972,Hà Nội,Kim Cương,39348,12/02/2022
KH0048,Lê Xuân Tuấn,Nam,0358514936,11/2003,Hà Nội,Vàng,17909,11/06/2022
KH0049,Lê Minh Mạnh,m,0361201836,06/1994,Huế,,,25/10/2022
KH0050,Dương Văn Nam,M,0760147679,07/05/1991,Hồ Chí Minh,,,10/11/2020
KH0051,Võ Kim Hương,F,84369003432,04/06/1983,Đồng Nai,,,06/03/2023
KH0052,Võ Thanh Yến,Nữ,84351606071,19-07-2001,Bình Dương,Kim Cương,7548,01/06/2023
KH0053,Hồ Bá Phong,m,0351613696,05/1990,Đà Nẵng,Kim Cương,11018,17/11/2020
KH0054,Võ Hoài Tuấn,male,+84352312432,25-03-1969,Đồng Nai,,,15/11/2024
KH0055,Ngô Thu Trang,Nu,0927744905,15/08/1984,Hà Nội,Kim Cương,18813,21/02/2020
KH0056,Vũ Lan Yến,f,+84917935978,08/1968,Hải Phòng,,,02/04/2021
KH0057,Vũ Thùy Yến,Nữ,0965546659,11/02/1986,Bình Dương,Kim Cương,16514,28/03/2024
KH0058,Trần Lan Mai,F,0354629148,22/03/1986,Bình Dương,,,01/06/2022
KH0059,Lê Thanh Phương,Nu,0973221418,05-10-1986,Bắc Ninh,Vàng,11851,26/03/2024
KH0060,Nguyễn Phương Phương,f,84987947383,12-04-1995,Đồng Nai,Kim Cương,25026,17/07/2024
KH0061,Ngô Quang Huy,Nam,0944075818,1983,Huế,,,05/07/2024
KH0062,Dương Quang Khánh,Nam,0350606853,08/06/1970,Hồ Chí Minh,Bạc,46838,26/03/2022
KH0063,Nguyễn Thanh Vũ,Nam,+84947790104,24-09-1974,Hải Phòng,Kim Cương,15573,04/01/2022
KH0064,Phan Bá Phong,Nam,+84937980893,07/1983,Đà Nẵng,,,06/11/2023
KH0065,Võ Hữu Dũng,Nam,0798880670,24/05/1988,Hồ Chí Minh,Bạc,22596,24/11/2021
KH0066,Hồ Bá Khải,male,+84940585277,23-02-1973,Hà Nội,Kim Cương,13211,26/04/2020
KH0067,Huỳnh Thanh Đạt,Nam,84797403450,02/1982,Bình Dương,,,13/06/2023
KH0068,Vũ Xuân Kiên,Nam,84321616928,02/1985,Huế,Kim Cương,29223,23/07/2024
KH0069,Đỗ Xuân Kiên,Nam,84915964016,1997,Hà Nội,Vàng,39817,02/03/2023
KH0070,Phạm Hữu Kiên,Nam,0770927557,03/2001,Bình Dương,Kim Cương,42569,08/02/2022
KH0071,Đỗ Minh Phong,Nam,84368144739,1996,Hải Phòng,,,23/08/2021
KH0072,Hồ Hữu Thắng,male,+84928844225,1972,Đà Nẵng,,,12/09/2020
KH0073,Vũ Thùy Trang,Nữ,0921467866,21/06/1973,Đồng Nai,,,12/03/2024
KH0074,Hồ Minh Hải,Nam,+84911824225,10/09/1987,Huế,Vàng,41619,09/03/2024
KH0075,Đặng Thùy Linh,Nữ,84782992299,27/01/2001,Hải Phòng,Bạc,42038,09/11/2024
KH0076,Hồ Bá Hải,Nam,0780784473,03/08/1984,Bắc Ninh,,,16/08/2023
KH0077,Huỳnh Bá Nam,male,84345625881,08/1980,Đồng Nai,Vàng,9232,02/05/2020
KH0078,Ngô Lan Thảo,F,0965953278,16/05/1996,Hải Phòng,,,15/04/2024
KH0079,Đặng Hữu Hùng,Nam,0337974801,05/1973,Bình Dương,Kim Cương,2965,02/10/2023
KH0080,Huỳnh Hoài Long,Nam,+84368784991,07/1971,Hồ Chí Minh,Vàng,13045,17/07/2024
KH0081,Nguyễn Văn Nam,m,84347872982,03/1985,Hồ Chí Minh,,,18/08/2024
KH0082,Vũ Thị Phương,female,+84936940974,1968,Bình Dương,Vàng,44612,02/10/2021
KH0083,Phạm Văn Phong,male,0372636897,09/1973,Đồng Nai,,,11/03/2023
KH0084,Dương Thùy Phương,Nữ,84354973348,05/1979,Đà Nẵng,,,11/08/2023
KH0085,Võ Kim Hoa,Nữ,84778665240,06/1970,Đồng Nai,Vàng,13242,09/09/2024
KH0086,Lê Ngọc Nhung,f,0773308330,23-06-1991,Hải Phòng,,,01/09/2021
KH0087,Phan Xuân Phong,m,0974540193,1976,Hà Nội,,,06/12/2023
KH0088,Dương Thị Hương,female,0779154788,09/1973,Đà Nẵng,Bạc,21671,24/08/2021
KH0089,Đỗ Minh Hương,f,84344932966,22/07/1970,Bắc Ninh,Vàng,31290,08/01/2022
KH0090,Phan Thanh Quỳnh,female,0344990453,1972,Bình Dương,,,23/05/2024
KH0091,Bùi Thanh Kiên,Nam,0983272795,2000,Đà Nẵng,,,28/02/2024
KH0092,Võ Thu Linh,Nữ,+84930883982,15/09/1985,Đà Nẵng,,,16/02/2024
KH0093,Hồ Thị Quỳnh,F,0706790874,27/05/1990,Đà Nẵng,,,02/07/2020
KH0094,Đỗ Ngọc Yến,Nữ,84927046226,28-08-1989,Bình Dương,Bạc,44743,05/11/2024
KH0095,Trần Minh Yến,Nu,0702300478,1999,Đà Nẵng,,,05/05/2022
KH0096,Dương Đức Hùng,m,0379033119,22/10/1993,Đà Nẵng,,,13/08/2020
KH0097,Võ Quang Huy,Nam,84948439599,1980,Bình Dương,Kim Cương,18032,18/10/2020
KH0098,Bùi Trọng Đạt,Nam,84915685662,25-03-1989,Đà Nẵng,Vàng,19709,26/08/2021
KH0099,Võ Trọng Hải,Nam,0702634351,1988,Hà Nội,Kim Cương,24718,20/01/2024
KH0100,Phạm Bá Khải,m,+84793735403,25-12-1972,Đà Nẵng,,,23/04/2024
KH0101,Dương Thanh Yến,female,0336785445,26-02-1994,Hồ Chí Minh,Vàng,24294,14/01/2022
KH0102,Đỗ Minh Hùng,male,+84799964235,1989,Đồng Nai,,,09/08/2022
KH0103,Vũ Minh Hằng,female,0962872808,02/11/1969,Bình Dương,Vàng,41333,03/12/2021
KH0104,Nguyễn Quang Đạt,Nam,0350997700,01/1965,Huế,Bạc,32913,26/03/2023
KH0105,Dương Đức Đạt,M,0983984546,1988,Đà Nẵng,Kim Cương,44829,21/11/2020
KH0106,Trần Trọng Hải,Nam,84797002176,17/02/2001,Đà Nẵng,Vàng,45369,16/05/2024
KH0107,Dương Đức Thắng,male,+84799025039,1990,Đà Nẵng,,,22/09/2023
KH0108,Phan Minh Dung,f,84928501631,20-10-2003,Hồ Chí Minh,Bạc,41557,26/08/2022
KH0109,Phạm Thu Yến,Nu,0372961943,05-05-1970,Bắc Ninh,,,11/06/2023
KH0110,Trần Văn Long,Nam,0354121267,01/1971,Hải Phòng,,,26/06/2024
KH0111,Nguyễn Kim Thảo,Nu,+84928398262,09-05-1982,Bắc Ninh,Bạc,10958,09/07/2023
KH0112,Vũ Ngọc Phương,female,84987993712,11-07-1965,Hồ Chí Minh,,,14/11/2022
KH0113,Hoàng Hữu Mạnh,m,+84977526547,09-07-1985,Hồ Chí Minh,Bạc,36952,19/09/2021
KH0114,Bùi Hoài Hùng,m,84383741672,1980,Bình Dương,,,15/10/2020
KH0115,Đặng Phương Yến,Nữ,+84378058911,21/03/1987,Bình Dương,Kim Cương,28210,01/02/2020
KH0116,Phạm Thùy Hằng,Nữ,+84799937567,16/01/1987,Huế,,,04/12/2020
KH0117,Huỳnh Thanh Kiên,Nam,84978757177,02/05/1969,Hà Nội,Kim Cương,42465,22/03/2020
KH0118,Võ Minh Đạt,M,0348673622,1990,Đồng Nai,,,13/01/2023
KH0119,Phạm Thanh Huy,m,0929182553,22-05-1972,Hồ Chí Minh,,,20/07/2023
KH0120,Huỳnh Hữu Khánh,Nam,0762499125,1980,Hồ Chí Minh,,,17/07/2021
KH0121,Đặng Minh Nhung,Nu,84372782827,11-03-1973,Hà Nội,Kim Cương,628,05/04/2023
KH0122,Võ Thùy Mai,Nu,0377677219,05/1979,Đà Nẵng,,,06/08/2022
KH0123,Võ Thùy Linh,Nữ,+84934858078,1992,Huế,Bạc,29473,12/02/2022
KH0124,Ngô Ngọc Dung,F,+84979596292,01/1978,Huế,,,06/06/2024
KH0125,Hoàng Lan Hoa,Nữ,+84932604223,25-04-1985,Đồng Nai,Vàng,37842,21/07/2022
KH0126,Vũ Ngọc Mai,Nữ,0368457759,12/1970,Hải Phòng,,,07/07/2023
KH0127,Vũ Thanh Kiên,male,0348929750,26-11-1971,Hà Nội,Bạc,10353,15/01/2023
KH0128,Phạm Minh Lan,f,+84332415415,07/1968,Đà Nẵng,,,23/02/2020
KH0129,Phạm Xuân Dũng,M,0773870051,1973,Bình Dương,Bạc,47891,04/06/2020
KH0130,Dương Kim Trang,Nu,0942189092,1987,Bình Dương,,,28/04/2023
KH0131,Dương Đức Nam,Nam,0776565234,09/1980,Hà Nội,,,07/09/2022
KH0132,Đỗ Trọng Long,m,0913761379,01/1998,Bắc Ninh,,,14/06/2024
KH0133,Hồ Xuân Huy,Nam,0909104300,21-05-1997,Bình Dương,,,03/11/2023
KH0134,Hoàng Đức Long,Nam,84703285691,1992,Hà Nội,Vàng,5650,04/08/2023
KH0135,Hoàng Minh Dũng,Nam,+84940275884,03/1988,Hải Phòng,Bạc,21955,09/09/2023
KH0136,Hoàng Bá Thắng,Nam,84397850792,25/05/1975,Hải Phòng,Vàng,48547,01/01/2024
KH0137,Phạm Văn Phong,male,+84362208635,12/1991,Hải Phòng,,,04/09/2022
KH0138,Lê Quang Huy,Nam,0916174451,06/1965,Huế,,,08/08/2024
KH0139,Đặng Bích Dung,F,84793206038,01-06-1965,Huế,Bạc,13447,08/07/2024
KH0140,Nguyễn Minh Hằng,female,0920386571,21-03-1997,Hải Phòng,,,02/07/2024
KH0141,Phạm Thanh Long,male,+84365574313,05/02/2002,Bắc Ninh,,,11/07/2023
KH0142,Võ Hữu Huy,M,0384741124,05/06/1978,Đà Nẵng,Kim Cương,25968,02/11/2024
KH0143,Hoàng Minh Hương,Nu,0388831712,1965,Bắc Ninh,Vàng,26252,22/11/2022
KH0144,Đặng Bá Long,Nam,0901372151,06-01-1994,Bình Dương,,,13/11/2020
KH0145,Lê Thu Nga,F,+84324720999,14-08-1983,Hà Nội,Bạc,18335,05/07/2023
KH0146,Bùi Hoài Tuấn,m,84790657875,06/05/1989,Hồ Chí Minh,,,01/05/2021
KH0147,Hồ Xuân Đạt,male,0773213348,28-10-1979,Hồ Chí Minh,Vàng,11540,19/06/2021
KH0148,Dương Lan Hương,f,84359929378,02/08/1976,Hà Nội,Vàng,39430,01/09/2021
KH0149,Nguyễn Thu Lan,Nữ,+84972525002,09/1972,Hải Phòng,Kim Cương,46172,19/02/2023
KH0150,Hoàng Thu Trang,F,+84377528953,05/1989,Bắc Ninh,Vàng,47764,23/10/2020
KH0151,Ngô Lan Hương,F,84765939172,04/1969,Bắc Ninh,,,27/12/2020
KH0152,Vũ Thị Hoa,F,0981541006,14-03-1991,Bình Dương,Kim Cương,35784,04/08/2023
KH0153,Lê Xuân Dũng,Nam,0330541152,03/12/1975,Hồ Chí Minh,,,16/12/2024
KH0154,Phan Minh Mạnh,Nam,84960153368,08/05/1983,Hà Nội,,,18/08/2024
KH0155,Nguyễn Hữu Hùng,Nam,+84924973103,16/02/1983,Huế,,,16/11/2023
KH0156,Trần Thùy Thảo,F,0356527047,04/1981,Hà Nội,Vàng,49298,03/11/2020
KH0157,Hồ Thùy Thảo,Nữ,+84988068687,03-05-1995,Hà Nội,,,17/10/2024
KH0158,Trần Xuân Nam,M,+84973206163,11/05/2003,Hải Phòng,,,13/09/2024
KH0159,Ngô Kim Yến,Nu,+84909986162,19/10/2001,Hải Phòng,,,26/05/2020
KH0160,Dương Phương Hoa,Nu,0787997024,20-10-1974,Hà Nội,,,23/04/2022
KH0161,Đỗ Xuân Vũ,male,+84350544471,24-05-1973,Hồ Chí Minh,Kim Cương,47762,20/11/2023
KH0162,Phạm Xuân Tuấn,Nam,0398508214,19/09/1973,Bắc Ninh,Vàng,13154,08/01/2020
KH0163,Nguyễn Thu Hằng,F,84325786103,1996,Đồng Nai,,,12/06/2024
KH0164,Ngô Thanh Khải,m,+84924060293,11/1979,Bình Dương,,,28/11/2020
KH0165,Vũ Minh Thắng,M,0760349446,1987,Đồng Nai,Kim Cương,44380,27/10/2024
KH0166,Đặng Ngọc Hương,Nữ,0358994417,05/1986,Huế,Kim Cương,42999,07/03/2022
KH0167,Dương Văn Huy,Nam,0365207446,1989,Hồ Chí Minh,,,22/09/2021
KH0168,Dương Thu Yến,female,+84968241724,1986,Hồ Chí Minh,Vàng,48772,14/06/2022
KH0169,Hoàng Lan Hoa,Nu,+84937099917,28-02-1997,Huế,,,28/03/2020
KH0170,Phạm Hữu Hải,Nam,84382521752,01/1968,Đà Nẵng,Vàng,37767,16/02/2021
KH0171,Đặng Trọng Thắng,Nam,84366760083,1965,Hà Nội,,,21/12/2020
KH0172,Phạm Hữu Long,M,84936894210,08/1983,Bình Dương,,,11/08/2021
KH0173,Hồ Thanh Trang,Nu,+84903323098,23/06/1972,Bình Dương,,,25/09/2022
KH0174,Đặng Văn Thắng,Nam,84780016761,1995,Hà Nội,Kim Cương,27582,22/09/2020
KH0175,Đặng Lan Hằng,F,0371891411,10/1977,Đà Nẵng,Kim Cương,46100,10/03/2023
KH0176,Võ Xuân Vũ,M,0395300119,25/02/1974,Hải Phòng,Kim Cương,42227,15/05/2021
KH0177,Vũ Thị Linh,F,0914556110,1973,Hồ Chí Minh,Kim Cương,28686,09/12/2024
KH0178,Huỳnh Hữu Nam,Nam,0366746762,24/12/1973,Bắc Ninh,Bạc,27264,16/10/2024
KH0179,Lê Lan Thảo,female,0760277167,05/1969,Hà Nội,,,25/12/2024
KH0180,Bùi Hữu Đạt,Nam,0761637562,06-11-1965,Đồng Nai,Vàng,4906,11/04/2023
KH0181,Hoàng Thị Yến,F,0796631779,08/1970,Hải Phòng,,,04/07/2020
KH0182,Nguyễn Thùy Yến,Nữ,84929948837,1988,Đồng Nai,Kim Cương,36710,20/08/2024
KH0183,Đỗ Bích Linh,Nữ,0980554885,1967,Bình Dương,Bạc,16665,07/04/2024
KH0184,Dương Trọng Tuấn,Nam,0975160917,05-09-2002,Hà Nội,,,18/07/2020
KH0185,Dương Thùy Dung,F,0772216995,1991,Huế,,,10/08/2022
KH0186,Lê Trọng Mạnh,m,84704858333,1987,Hồ Chí Minh,,,25/06/2020
KH0187,Đặng Lan Mai,f,0378460810,22/01/1974,Đà Nẵng,Kim Cương,49164,10/11/2021
KH0188,Lê Thị Hằng,female,+84978057198,07/2000,Hà Nội,,,14/11/2023
KH0189,Võ Thị Hương,f,+84323973598,1977,Hải Phòng,Vàng,11389,04/07/2024
KH0190,Phan Thanh Đạt,male,0942940572,20/06/1974,Huế,,,18/06/2024
KH0191,Hồ Hữu Đạt,M,0968182688,1970,Hồ Chí Minh,Kim Cương,23645,07/10/2022
KH0192,Võ Thị Linh,f,0357399305,07/1972,Hà Nội,,,17/09/2022
KH0193,Vũ Thị Hoa,f,0975811288,1969,Bình Dương,Bạc,13472,27/12/2024
KH0194,Bùi Ngọc Hằng,f,+84940750110,1981,Huế,,,15/11/2023
KH0195,Phan Thu Hương,Nu,84938091901,02/1997,Hải Phòng,Kim Cương,28683,13/11/2023
KH0196,Vũ Minh Đạt,M,+84946842450,01-01-1972,Hải Phòng,Kim Cương,13766,07/07/2022
KH0197,Lê Minh Tuấn,Nam,0323129087,11/1983,Hải Phòng,Vàng,47552,16/06/2024
KH0198,Lê Thanh Linh,female,84761357759,03/2002,Hồ Chí Minh,,,01/06/2021
KH0199,Hồ Quang Khải,m,0786452577,16/05/1987,Bắc Ninh,,,03/05/2024
KH0200,Dương Hoài Tuấn,male,0781108099,04/2002,Đồng Nai,,,12/07/2021
KH0201,Dương Bá Khải,male,0947881658,1980,Bắc Ninh,,,06/10/2021
KH0202,Đỗ Xuân Kiên,Nam,+84987314530,13-06-1998,Đồng Nai,Bạc,2615,04/12/2022
KH0203,Ngô Kim Nhung,Nữ,84772665918,17-04-1989,Hồ Chí Minh,Kim Cương,31906,20/01/2023
KH0204,Vũ Minh Tuấn,Nam,0704322259,07/1979,Hải Phòng,,,16/04/2023
KH0205,Bùi Trọng Hùng,M,+84912992280,1968,Bình Dương,,,21/01/2024
KH0206,Trần Thanh Quỳnh,Nữ,+84397236929,05/1997,Đồng Nai,,,03/04/2024
KH0207,Phan Minh Linh,Nữ,0978862912,26/01/2003,Hải Phòng,,,20/09/2021
KH0208,Dương Trọng Đạt,Nam,0350863765,09-03-1992,Đà Nẵng,Bạc,18564,18/07/2024
KH0209,Phạm Thị Hằng,f,84909818063,1991,Bình Dương,,,09/05/2024
KH0210,Đặng Thu Nhung,female,0363688725,05/1981,Bình Dương,,,28/11/2021
KH0211,Đỗ Quang Phong,m,0961386589,21/07/1975,Hải Phòng,Vàng,30911,14/02/2024
KH0212,Hoàng Quang Kiên,Nam,0760669849,16-11-1976,Hà Nội,Vàng,43049,10/04/2024
KH0213,Hồ Bá Đạt,Nam,0989205302,12-07-1982,Bình Dương,,,17/01/2021
KH0214,Dương Đức Đạt,male,0799554393,10/1990,Bắc Ninh,,,04/09/2024
KH0215,Võ Thanh Kiên,Nam,0704894769,25-06-1980,Đồng Nai,,,16/02/2020
KH0216,Trần Phương Mai,F,+84985658804,02/1983,Hải Phòng,,,16/06/2021
KH0217,Phạm Lan Hoa,F,+84977333433,1980,Hải Phòng,Bạc,5143,20/01/2023
KH0218,Ngô Xuân Kiên,Nam,0347947284,05/10/1979,Bình Dương,,,02/09/2024
KH0219,Phan Minh Quỳnh,Nữ,0707500369,06/1985,Bắc Ninh,,,08/05/2022
KH0220,Đặng Thu Phương,F,0396365564,1976,Hải Phòng,,,26/04/2022
KH0221,Ngô Phương Nga,F,84947026728,09/05/1996,Bình Dương,Bạc,45255,02/04/2021
KH0222,Vũ Ngọc Quỳnh,f,0344558845,1991,Bắc Ninh,Kim Cương,23272,22/09/2022
KH0223,Hồ Bích Lan,Nữ,0369472256,02/1969,Đà Nẵng,Kim Cương,20766,23/05/2022
KH0224,Hoàng Bích Dung,female,+84778762202,23/12/1981,Đà Nẵng,Vàng,26020,04/02/2020
KH0225,Võ Thị Hương,Nu,84701149216,04/1979,Đồng Nai,,,05/09/2021
KH0226,Nguyễn Văn Thắng,male,+84347784872,15-10-2002,Huế,Kim Cương,31565,08/02/2024
KH0227,Hoàng Thu Thảo,female,0944008254,23-01-1999,Đồng Nai,Kim Cương,598,26/05/2023
KH0228,Hồ Văn Đạt,male,0976866326,03-05-1979,Đà Nẵng,,,26/12/2024
KH0229,Hoàng Thùy Dung,female,0373122417,20-12-1982,Đà Nẵng,Kim Cương,1271,02/09/2021
KH0230,Lê Đức Long,male,+84947031207,10-07-1986,Hồ Chí Minh,,,11/02/2020
KH0231,Nguyễn Thanh Huy,Nam,0928723460,25-07-1980,Đà Nẵng,,,07/08/2020
KH0232,Võ Quang Phong,Nam,0335208814,12/04/1984,Đà Nẵng,Bạc,15464,11/01/2023
KH0233,Hồ Thanh Mạnh,Nam,84363009792,06-04-1970,Hải Phòng,,,11/11/2024
KH0234,Nguyễn Hữu Thắng,M,0791273585,23-01-1977,Hồ Chí Minh,,,09/01/2021
KH0235,Đỗ Bích Yến,female,0797392855,1982,Hải Phòng,,,15/05/2021
KH0236,Võ Thu Quỳnh,Nữ,+84788620959,03-12-1985,Đà Nẵng,,,25/09/2023
KH0237,Đặng Thanh Kiên,Nam,+84785118102,04-04-1967,Đà Nẵng,Bạc,2085,21/07/2024
KH0238,Võ Lan Hằng,Nữ,0320539103,26/08/1970,Hồ Chí Minh,,,27/06/2023
KH0239,Ngô Bá Long,Nam,+84911413811,1999,Đà Nẵng,,,18/12/2021
KH0240,Đỗ Ngọc Dung,f,0775761228,1997,Đồng Nai,Kim Cương,20653,11/06/2024
KH0241,Hồ Phương Hiền,f,84349398368,15-08-1988,Hà Nội,,,10/10/2020
KH0242,Võ Minh Vũ,male,+84904335048,01/1971,Bắc Ninh,Vàng,17366,19/04/2022
KH0243,Hoàng Thanh Dũng,Nam,0369315727,10/11/2003,Bình Dương,Bạc,3664,12/07/2022
KH0244,Dương Ngọc Hiền,F,84789060480,10/1999,Đà Nẵng,Vàng,3310,15/10/2023
KH0245,Phạm Trọng Long,Nam,0942517908,13-02-1981,Bắc Ninh,Vàng,31517,07/08/2024
KH0246,Bùi Lan Nga,Nữ,0768331465,14-11-1972,Hồ Chí Minh,Kim Cương,12483,12/10/2022
KH0247,Hồ Thanh Nam,male,84767927033,28/12/1974,Hải Phòng,,,08/10/2020
KH0248,Ngô Thanh Hùng,male,+84934770538,09/1978,Đồng Nai,,,23/12/2021
KH0249,Phan Bá Vũ,m,84700420439,21/08/1968,Hải Phòng,,,22/11/2022
KH0250,Ngô Ngọc Hương,female,0786368157,17-04-1976,Hà Nội,Bạc,16213,10/06/2024
KH0251,Phan Minh Hương,female,0355438404,1966,Bắc Ninh,Kim Cương,25745,03/12/2021
KH0252,Võ Lan Hiền,f,84986392649,1993,Bắc Ninh,,,22/04/2024
KH0253,Hoàng Hoài Vũ,M,0372925188,1976,Hà Nội,Kim Cương,27134,10/08/2023
KH0254,Lê Thanh Linh,F,+84960994999,08/04/2003,Hồ Chí Minh,Bạc,45098,05/09/2023
KH0255,Đỗ Thu Trang,Nu,0397223306,1982,Đà Nẵng,Bạc,11604,28/10/2023
KH0256,Đỗ Thu Hiền,Nu,0986609656,15-02-1998,Hà Nội,Vàng,33993,13/12/2024
KH0257,Võ Trọng Đạt,m,+84913476447,20/05/1992,Bắc Ninh,,,03/12/2023
KH0258,Lê Bá Vũ,m,0792665702,07-12-2002,Hải Phòng,Kim Cương,21238,23/12/2021
KH0259,Trần Đức Khải,Nam,0785186892,2000,Hồ Chí Minh,,,06/03/2021
KH0260,Hồ Văn Hải,male,84337421230,16-08-1965,Hà Nội,,,08/04/2023
KH0261,Vũ Phương Quỳnh,Nữ,+84769038498,05/03/1968,Hồ Chí Minh,Bạc,9527,22/10/2020
KH0262,Huỳnh Ngọc Hương,Nữ,+84372249998,12/1994,Hà Nội,Bạc,19614,12/07/2022
KH0263,Hồ Trọng Khánh,Nam,0924721458,1998,Hà Nội,Bạc,37445,03/08/2024
KH0264,Phan Lan Hiền,female,0328995299,21-12-1998,Đồng Nai,Vàng,39938,23/05/2021
KH0265,Nguyễn Đức Hùng,Nam,84781396605,07/11/2000,Đà Nẵng,,,09/02/2022
KH0266,Hoàng Thùy Yến,female,+84901556990,06/1977,Đồng Nai,,,21/03/2020
KH0267,Lê Bích Lan,Nữ,0347608495,10/1978,Hồ Chí Minh,Bạc,9784,27/01/2022
KH0268,Phan Thùy Hiền,F,0779629145,03-07-1982,Đà Nẵng,Kim Cương,29616,07/09/2022
KH0269,Lê Ngọc Phương,Nữ,+84971780782,08/1986,Hồ Chí Minh,Vàng,6439,22/03/2024
KH0270,Đỗ Văn Phong,Nam,0701040915,02/1967,Hà Nội,,,21/04/2022
KH0271,Phạm Thanh Hoa,female,0795714224,18/10/1965,Đà Nẵng,,,18/06/2022
KH0272,Lê Kim Nhung,F,+84961495870,22/08/1966,Hải Phòng,,,03/07/2020
KH0273,Lê Lan Lan,Nữ,0787954538,05/10/1994,Đồng Nai,Bạc,29857,22/11/2022
KH0274,Vũ Thanh Nga,F,0764562557,16/02/1966,Hồ Chí Minh,,,28/03/2023
KH0275,Hồ Thu Nhung,Nữ,84948161581,13-08-1999,Đà Nẵng,,,18/03/2021
KH0276,Phan Ngọc Phương,F,0776695832,04-08-2001,Hồ Chí Minh,,,27/08/2020
KH0277,Hoàng Trọng Dũng,Nam,+84939657013,26/11/2002,Bắc Ninh,,,15/09/2021
KH0278,Phan Lan Nhung,Nu,0973549465,20-01-2002,Bắc Ninh,Kim Cương,4090,18/01/2022
KH0279,Đỗ Hoài Khánh,male,0934036965,1990,Bắc Ninh,,,07/09/2021
KH0280,Ngô Thu Hiền,Nu,0944220102,1992,Bình Dương,,,14/10/2024
KH0281,Vũ Hoài Hải,Nam,0386532690,12/1980,Bình Dương,,,12/01/2024
KH0282,Đặng Xuân Khải,male,0939712847,1998,Đồng Nai,,,22/11/2020
KH0283,Đặng Thị Lan,female,0790778795,1987,Hà Nội,,,24/05/2024
KH0284,Nguyễn Bích Nhung,F,+84770490471,02/1997,Huế,Vàng,40356,09/05/2022
KH0285,Đỗ Đức Mạnh,M,+84772752437,11/01/1998,Bắc Ninh,,,27/08/2021
KH0286,Hồ Phương Nga,f,0382395041,13-08-1975,Huế,,,08/07/2024
KH0287,Vũ Kim Trang,Nữ,0370476580,12-11-1999,Huế,Kim Cương,17716,26/02/2022
KH0288,Bùi Lan Thảo,Nu,0989385258,01-02-1965,Hải Phòng,,,22/08/2020
KH0289,Phạm Kim Hoa,F,0910910939,1972,Bình Dương,,,26/03/2024
KH0290,Đỗ Minh Long,male,0381746542,13-01-1982,Hồ Chí Minh,Bạc,16923,06/08/2022
KH0291,Vũ Quang Mạnh,Nam,0967128639,09/12/1993,Hà Nội,Bạc,4614,24/05/2024
KH0292,Nguyễn Bích Trang,f,0780064256,25-12-1997,Đồng Nai,,,28/12/2023
KH0293,Võ Quang Hùng,Nam,0391985546,06/1970,Hải Phòng,,,21/04/2022
KH0294,Võ Văn Hải,m,+84974615717,07/01/1973,Đà Nẵng,,,03/09/2023
KH0295,Vũ Thùy Hiền,Nu,+84900505061,1998,Đà Nẵng,Bạc,2416,16/11/2021
KH0296,Vũ Bá Hùng,M,+84782020417,27/02/2002,Hải Phòng,,,26/10/2024
KH0297,Trần Quang Hải,male,0365198253,11/03/2002,Hải Phòng,Kim Cương,9256,06/12/2023
KH0298,Võ Minh Quỳnh,F,0770219620,1970,Hải Phòng,,,10/07/2024
KH0299,Đỗ Minh Nga,F,0784876329,23-03-2003,Hải Phòng,,,12/07/2022
KH0300,Võ Quang Tuấn,Nam,+84701958837,07/01/1982,Bắc Ninh,,,16/03/2023
KH0301,Bùi Văn Hùng,m,0354364597,1971,Bắc Ninh,Bạc,31788,04/02/2024
KH0302,Đỗ Xuân Mạnh,Nam,0346353153,1980,Bình Dương,Vàng,4818,19/08/2023
KH0303,Dương Trọng Nam,M,84767265273,1982,Hà Nội,,,02/05/2024
KH0304,Trần Xuân Phong,Nam,+84965349292,28-07-1970,Đà Nẵng,,,27/08/2023
KH0305,Nguyễn Phương Hằng,F,0985693929,02-01-1991,Hà Nội,,,13/08/2024
KH0306,Vũ Xuân Tuấn,Nam,0790632543,08/1966,Bắc Ninh,,,28/10/2023
KH0307,Vũ Xuân Huy,M,0362570165,07/1983,Đà Nẵng,,,20/06/2020
KH0308,Võ Hữu Vũ,Nam,+84936579055,2000,Bắc Ninh,Kim Cương,15639,04/11/2024
KH0309,Đỗ Lan Hiền,f,0973554864,12-06-1969,Đồng Nai,,,27/02/2024
KH0310,Đỗ Thùy Mai,Nữ,0337951371,10/03/1990,Hải Phòng,Vàng,18084,23/03/2020
KH0311,Lê Thanh Yến,f,0904682756,07/05/1966,Hà Nội,Vàng,34053,14/10/2022
KH0312,Bùi Thu Quỳnh,Nữ,+84708774924,04/1981,Huế,Bạc,9721,10/08/2022
KH0313,Đặng Minh Khải,Nam,84332222310,03/2001,Hồ Chí Minh,Vàng,13445,23/01/2024
KH0314,Huỳnh Minh Phương,Nu,+84792841067,05/06/1994,Hồ Chí Minh,,,16/05/2022
KH0315,Hồ Bá Khải,Nam,0341702814,1990,Đồng Nai,Kim Cương,6060,02/10/2022
KH0316,Đặng Hoài Tuấn,male,+84970187186,20/06/1996,Hồ Chí Minh,,,23/07/2021
KH0317,Phan Thu Hương,female,0355478137,06-05-1993,Bình Dương,Vàng,38481,03/03/2024
KH0318,Hoàng Xuân Khánh,Nam,0341961064,1976,Đà Nẵng,Vàng,25019,18/08/2022
KH0319,Ngô Thanh Khánh,Nam,84337873002,27-11-1984,Hải Phòng,,,14/03/2022
KH0320,Dương Thanh Hương,Nữ,0327195979,22-11-1981,Hải Phòng,Kim Cương,33588,01/05/2024
KH0321,Đặng Văn Nam,male,84382520456,10/05/1968,Đà Nẵng,,,25/02/2021
KH0322,Võ Hữu Khánh,male,0334518952,09/1973,Đồng Nai,,,06/02/2022
KH0323,Lê Hoài Tuấn,M,0799888167,01-03-1972,Hồ Chí Minh,Kim Cương,45288,05/08/2022
KH0324,Lê Kim Hương,f,+84933223423,23/07/1970,Hải Phòng,Bạc,31736,02/04/2023
KH0325,Nguyễn Hoài Mạnh,Nam,0391401401,2003,Bắc Ninh,,,01/02/2022
KH0326,Ngô Thanh Mạnh,male,0352893891,2002,Đà Nẵng,Kim Cương,11257,01/12/2024
KH0327,Dương Quang Vũ,Nam,0395927125,1992,Bình Dương,Bạc,49899,04/08/2022
KH0328,Võ Minh Phong,male,84338015716,10/1994,Đồng Nai,Vàng,36301,10/07/2023
KH0329,Ngô Đức Vũ,Nam,0352071678,13-03-1972,Hải Phòng,,,03/06/2021
KH0330,Huỳnh Quang Mạnh,Nam,0933674994,22-08-1987,Đồng Nai,,,05/08/2022
KH0331,Trần Thanh Phong,Nam,+84982010170,10/1989,Bắc Ninh,Kim Cương,40761,04/02/2024
KH0332,Hồ Bích Nga,female,0397848588,04-07-1967,Đồng Nai,Kim Cương,24663,15/01/2023
KH0333,Lê Hoài Thắng,male,0967624671,18-11-2000,Đồng Nai,,,17/01/2021
KH0334,Hoàng Bích Nhung,Nu,+84765450090,26/06/1988,Hồ Chí Minh,,,14/06/2020
KH0335,Phan Thu Hương,f,0983349114,03/1986,Hà Nội,,,19/09/2023
KH0336,Hoàng Thị Hằng,Nu,0770569659,1996,Hồ Chí Minh,,,26/11/2024
KH0337,Lê Lan Hoa,female,0373718344,1984,Hải Phòng,,,04/10/2024
KH0338,Hoàng Ngọc Nhung,Nữ,0396351484,07-06-1999,Bình Dương,Kim Cương,40957,15/11/2024
KH0339,Dương Văn Thắng,m,0702973748,21/12/2001,Đà Nẵng,Kim Cương,30309,08/03/2021
KH0340,Ngô Phương Thảo,female,+84923644249,1990,Đà Nẵng,Bạc,16094,15/08/2022
KH0341,Phan Thị Nga,F,0322044820,28/01/1966,Hồ Chí Minh,,,28/02/2022
KH0342,Dương Thu Mai,f,84926231981,08/02/1996,Hồ Chí Minh,Kim Cương,38294,26/12/2023
KH0343,Dương Trọng Tuấn,M,0932347649,12/09/1996,Hồ Chí Minh,,,16/11/2023
KH0344,Hoàng Minh Kiên,Nam,0354090034,11/1984,Hải Phòng,,,28/08/2021
KH0345,Nguyễn Phương Lan,female,0331343275,28/05/1967,Đồng Nai,,,27/06/2023
KH0346,Dương Ngọc Hiền,F,0328156985,1966,Đồng Nai,,,01/07/2021
KH0347,Bùi Thanh Kiên,Nam,84921238296,1993,Huế,Vàng,45053,27/06/2024
KH0348,Phạm Ngọc Thảo,female,+84966693008,08/1970,Bắc Ninh,Bạc,26282,14/10/2024
KH0349,Lê Ngọc Phương,F,+84771086771,04/1978,Huế,,,13/03/2023
KH0350,Ngô Thanh Nhung,F,84333626204,1980,Hồ Chí Minh,,,03/01/2023
KH0351,Lê Thu Hằng,Nu,0976694118,08-06-1968,Hồ Chí Minh,,,23/12/2024
KH0352,Nguyễn Thanh Đạt,Nam,+84364652809,17-03-1981,Hồ Chí Minh,,,03/06/2021
KH0353,Lê Kim Linh,female,84912745644,1998,Hồ Chí Minh,,,25/03/2023
KH0354,Nguyễn Thanh Trang,Nữ,0982074276,01/1996,Đồng Nai,,,04/12/2023
KH0355,Trần Hữu Dũng,M,0332284993,06-10-1998,Hải Phòng,Vàng,32644,11/01/2020
KH0356,Bùi Ngọc Thảo,female,0771520177,22/10/1982,Hồ Chí Minh,Bạc,43002,15/06/2024
KH0357,Phạm Văn Huy,m,0335018961,08-03-1981,Hải Phòng,Bạc,13646,13/07/2021
KH0358,Bùi Minh Linh,female,+84396492515,13-08-1996,Huế,,,14/02/2024
KH0359,Hồ Thu Nhung,F,+84376108573,21/09/1996,Huế,,,03/08/2023
KH0360,Lê Minh Mai,female,0988649081,17-02-1997,Bình Dương,Bạc,30451,27/05/2024
KH0361,Hoàng Lan Linh,Nữ,0901722601,19-06-1984,Đồng Nai,,,11/03/2022
KH0362,Lê Đức Khải,Nam,0321680061,16-11-1975,Bình Dương,,,24/08/2024
KH0363,Đặng Lan Phương,f,0364122031,07-01-1977,Bắc Ninh,,,14/11/2021
KH0364,Trần Thanh Huy,Nam,0947601227,28-01-1995,Đà Nẵng,Vàng,19322,27/07/2024
KH0365,Huỳnh Văn Dũng,m,0376799840,17-08-1990,Đà Nẵng,,,17/01/2020
KH0366,Đặng Thu Yến,Nữ,0326717957,1966,Đồng Nai,Kim Cương,28712,17/04/2021
KH0367,Dương Lan Hiền,f,+84382466572,24/12/1983,Đồng Nai,Vàng,11356,06/10/2021
KH0368,Trần Phương Quỳnh,female,+84983800545,02/09/1976,Hồ Chí Minh,,,20/04/2020
KH0369,Võ Quang Phong,male,0345084289,26-08-1968,Hải Phòng,Bạc,40014,26/02/2024
KH0370,Võ Đức Nam,m,0933524787,11/1974,Bắc Ninh,Bạc,13231,14/01/2023
KH0371,Ngô Xuân Kiên,male,+84702145653,1998,Bắc Ninh,,,14/08/2023
KH0372,Nguyễn Bích Trang,Nữ,0701155626,1990,Hà Nội,,,10/07/2024
KH0373,Dương Thùy Hiền,female,0345048926,20-09-1978,Hồ Chí Minh,,,25/04/2023
KH0374,Trần Thị Yến,female,84362884318,1998,Hà Nội,Bạc,35385,09/04/2024
KH0375,Đỗ Phương Yến,Nữ,0915485101,24/10/1984,Đồng Nai,Kim Cương,15472,19/12/2024
KH0376,Huỳnh Thanh Long,m,+84772683158,1988,Bình Dương,,,03/01/2020
KH0377,Dương Minh Quỳnh,F,0381586988,16-10-1981,Đồng Nai,,,24/07/2023
KH0378,Lê Hoài Nam,Nam,0382881377,12/09/1975,Bình Dương,Bạc,7921,19/05/2022
KH0379,Võ Minh Dũng,male,0335447022,1968,Bắc Ninh,,,01/02/2023
KH0380,Trần Thị Thảo,Nu,+84774975679,21-09-1973,Đồng Nai,,,05/12/2023
KH0381,Trần Lan Mai,Nữ,84376365807,23/03/1970,Huế,,,21/09/2020
KH0382,Phạm Bá Đạt,Nam,+84919837801,1966,Đà Nẵng,,,15/02/2024
KH0383,Phan Lan Hương,Nu,0905626085,04/02/1981,Bắc Ninh,Kim Cương,9439,09/02/2021
KH0384,Hoàng Trọng Thắng,M,0919520046,03/1985,Huế,,,02/04/2020
KH0385,Hồ Bá Mạnh,M,0398861405,03-07-2000,Hà Nội,,,01/05/2021
KH0386,Phạm Hoài Thắng,M,84339671832,1999,Bình Dương,,,02/01/2023
KH0387,Ngô Lan Hoa,f,84960074946,10/1978,Hà Nội,Vàng,48443,19/02/2024
KH0388,Trần Phương Hằng,Nữ,84948463985,12/1981,Đà Nẵng,,,11/04/2022
KH0389,Đặng Thu Hương,f,0940970026,03/09/1990,Hà Nội,,,22/02/2023
KH0390,Ngô Phương Hiền,Nữ,0356201753,24/04/1965,Huế,,,07/02/2022
KH0391,Hồ Thanh Nga,Nu,0350479303,19-05-1972,Bắc Ninh,,,22/12/2021
KH0392,Trần Bá Nam,m,0922493843,09-10-1999,Hà Nội,,,28/06/2020
KH0393,Ngô Phương Hoa,Nữ,84707758030,09/1991,Hà Nội,,,11/02/2021
KH0394,Đỗ Quang Khải,Nam,0923325411,26/07/1995,Hồ Chí Minh,Kim Cương,16197,16/04/2020
KH0395,Ngô Thị Hiền,female,0703199717,02-01-1970,Hồ Chí Minh,,,26/03/2020
KH0396,Dương Xuân Hùng,male,0766110804,20-02-1990,Đà Nẵng,,,01/08/2024
KH0397,Vũ Phương Lan,Nữ,+84761507859,01/02/1971,Đà Nẵng,,,21/09/2021
KH0398,Huỳnh Phương Quỳnh,f,84767232002,07/2002,Huế,,,25/03/2024
KH0399,Vũ Thanh Mạnh,male,0335089203,1992,Đà Nẵng,Bạc,22383,22/08/2021
KH0400,Đặng Thu Hiền,Nữ,0775946521,08/08/1967,Đà Nẵng,,,15/10/2021
KH0401,Phạm Xuân Khải,male,84363620501,1966,Huế,,,21/10/2021
KH0402,Nguyễn Thị Nga,F,+84332342583,01/1977,Hải Phòng,Bạc,44397,13/11/2021
KH0403,Huỳnh Quang Long,Nam,0985528961,1974,Đà Nẵng,,,23/06/2023
KH0404,Đặng Phương Mai,F,+84919938425,11/1968,Bắc Ninh,,,16/04/2024
KH0405,Hồ Xuân Huy,m,0761286857,06/1976,Đồng Nai,,,16/05/2023
KH0406,Bùi Lan Mai,Nữ,0973373634,10/1989,Huế,,,05/02/2020
KH0407,Vũ Thùy Phương,F,0770789567,12-07-1992,Hồ Chí Minh,Kim Cương,25059,06/08/2020
KH0408,Hoàng Đức Kiên,Nam,0338881431,1969,Hồ Chí Minh,Vàng,44243,09/05/2022
KH0409,Phạm Lan Trang,f,0794044566,1995,Bình Dương,Vàng,14871,16/04/2021
KH0410,Đỗ Bích Phương,Nữ,0343663778,1988,Huế,,,16/11/2020
KH0411,Huỳnh Thanh Thảo,Nu,+84368459090,19-06-1974,Bình Dương,Vàng,25600,18/07/2020
KH0412,Vũ Đức Kiên,Nam,0384121820,07/03/1966,Bình Dương,Kim Cương,13493,10/11/2021
KH0413,Vũ Văn Kiên,Nam,0902566212,03-12-1995,Đà Nẵng,Vàng,13479,14/12/2022
KH0414,Lê Lan Nhung,female,0773874302,1969,Hồ Chí Minh,,,15/08/2023
KH0415,Đỗ Đức Long,m,+84385469263,1992,Hải Phòng,,,08/03/2020
KH0416,Dương Thùy Hoa,f,0923768151,14-06-1997,Bắc Ninh,Kim Cương,13590,02/08/2024
KH0417,Trần Xuân Hải,male,84363600412,15/08/1994,Hải Phòng,,,23/08/2021
KH0418,Vũ Thanh Khánh,M,0960912418,22/02/1975,Huế,Vàng,28878,06/04/2022
KH0419,Dương Hoài Tuấn,Nam,0918164709,1968,Đà Nẵng,Kim Cương,15632,03/01/2021
KH0420,Nguyễn Thị Phương,F,0923122068,1985,Đà Nẵng,,,14/02/2023
KH0421,Phạm Đức Kiên,male,+84960650637,11/1969,Hồ Chí Minh,Bạc,4412,14/05/2021
KH0422,Trần Thùy Dung,Nữ,+84964195625,16/11/1985,Hồ Chí Minh,Bạc,39880,15/07/2024
KH0423,Võ Bá Khải,Nam,0980914363,12-03-1968,Huế,Vàng,9939,07/11/2023
KH0424,Phạm Bá Phong,m,0342450864,12/1979,Đà Nẵng,Vàng,35344,22/04/2020
KH0425,Đặng Trọng Đạt,male,+84967017130,1978,Đà Nẵng,Vàng,33254,14/12/2020
KH0426,Hoàng Minh Hằng,F,0986293449,28-05-1977,Hải Phòng,Kim Cương,26099,06/08/2023
KH0427,Phan Thùy Nhung,f,+84372706614,12/2000,Bình Dương,,,15/05/2022
KH0428,Võ Lan Quỳnh,Nữ,84342732300,14-07-1996,Hồ Chí Minh,,,10/11/2023
KH0429,Phan Văn Vũ,Nam,0369236458,02-12-1988,Bình Dương,,,08/08/2021
KH0430,Dương Hữu Thắng,m,+84902497243,25/02/1965,Bình Dương,,,03/09/2024
KH0431,Dương Trọng Nam,Nam,0324886946,11/1971,Bắc Ninh,Kim Cương,49068,24/07/2021
KH0432,Nguyễn Minh Hiền,Nu,+84901168646,1976,Đà Nẵng,,,17/02/2021
KH0433,Đặng Thanh Trang,F,+84912346791,03-05-1970,Hải Phòng,Kim Cương,4211,01/10/2022
KH0434,Vũ Xuân Thắng,Nam,0900409013,10/1989,Đồng Nai,,,20/07/2022
KH0435,Huỳnh Thu Phương,F,0356690551,1994,Hà Nội,,,28/09/2020
KH0436,Đỗ Thanh Phương,Nu,84767863050,11-12-1967,Đà Nẵng,,,13/12/2023
KH0437,Huỳnh Trọng Vũ,Nam,0936493289,26/08/1973,Huế,,,28/08/2024
KH0438,Dương Xuân Dũng,Nam,0793332116,06/1975,Đà Nẵng,,,22/08/2022
KH0439,Bùi Minh Vũ,Nam,84787153991,24-12-1989,Bình Dương,Vàng,14650,04/05/2022
KH0440,Trần Đức Kiên,m,0773195256,1984,Bình Dương,,,25/06/2022
KH0441,Võ Bá Mạnh,M,+84936087524,1996,Huế,Vàng,48959,20/06/2020
KH0442,Võ Ngọc Hoa,f,+84777374605,1978,Hà Nội,Vàng,31949,10/11/2023
KH0443,Nguyễn Hoài Hải,male,84377566184,28-12-1977,Hải Phòng,Vàng,21195,28/01/2024
KH0444,Vũ Minh Nhung,F,84387423330,2001,Bình Dương,,,02/02/2021
KH0445,Vũ Minh Hương,Nữ,0705962630,07/1980,Bắc Ninh,,,25/12/2023
KH0446,Hồ Xuân Khánh,m,0364750111,1996,Hà Nội,,,19/08/2024
KH0447,Đỗ Ngọc Dung,Nữ,84966764921,1969,Bình Dương,,,13/09/2020
KH0448,Trần Thùy Hiền,Nữ,0791312920,1985,Đà Nẵng,,,03/09/2021
KH0449,Ngô Thị Linh,Nữ,84704582603,09/1967,Đồng Nai,Vàng,37818,23/06/2023
KH0450,Đặng Thùy Yến,F,+84930303243,09/2003,Huế,Vàng,47782,14/02/2024
KH0451,Hoàng Phương Mai,F,0367146283,1982,Hồ Chí Minh,,,20/03/2024
KH0452,Ngô Minh Phương,Nu,0360931418,07/2000,Hải Phòng,Kim Cương,21857,05/04/2022
KH0453,Nguyễn Ngọc Thảo,F,0361128497,06/1998,Huế,,,02/03/2020
KH0454,Hồ Phương Trang,female,0798967924,1997,Bắc Ninh,,,24/05/2024
KH0455,Dương Hữu Khải,M,84766727578,1982,Huế,,,10/07/2020
KH0456,Ngô Ngọc Mai,Nữ,0923129014,1965,Đồng Nai,,,22/11/2024
KH0457,Phan Văn Mạnh,M,0906853890,1975,Bắc Ninh,Bạc,24055,17/06/2021
KH0458,Phan Xuân Hải,M,0351538144,07/05/1983,Bình Dương,Vàng,19976,27/01/2024
KH0459,Dương Lan Hiền,Nu,0915097545,1965,Bình Dương,Kim Cương,580,14/08/2020
KH0460,Trần Hoài Đạt,M,0371702437,12-05-1988,Bắc Ninh,,,04/08/2022
KH0461,Lê Minh Phương,f,+84370531340,07/1990,Hà Nội,Vàng,43660,16/11/2021
KH0462,Trần Phương Quỳnh,Nữ,0392568621,03/1966,Hà Nội,,,02/11/2021
KH0463,Phan Lan Hằng,Nữ,+84377447163,03/1997,Hải Phòng,Kim Cương,45937,22/07/2021
KH0464,Vũ Đức Khải,m,+84709239231,1990,Bắc Ninh,,,20/04/2020
KH0465,Ngô Văn Hải,Nam,0704335670,05/1968,Hồ Chí Minh,Kim Cương,23004,08/06/2023
KH0466,Lê Văn Hùng,Nam,+84343474916,08/1981,Huế,Bạc,6349,22/09/2020
KH0467,Huỳnh Hữu Khải,male,0778953439,05/02/1970,Hà Nội,,,07/12/2021
KH0468,Dương Ngọc Linh,Nữ,+84765473820,07/1977,Hồ Chí Minh,Kim Cương,29391,14/02/2020
KH0469,Phan Thùy Lan,Nữ,0902942409,27-12-1977,Đồng Nai,,,28/09/2024
KH0470,Lê Xuân Huy,Nam,0368669432,07/10/1975,Đồng Nai,,,09/05/2024
KH0471,Hoàng Thanh Đạt,Nam,84963083402,28/05/1973,Đà Nẵng,Vàng,35035,01/11/2020
KH0472,Bùi Lan Phương,female,0928426945,06/1965,Bắc Ninh,Kim Cương,1024,22/10/2024
KH0473,Đỗ Trọng Thắng,male,+84789837354,26-11-2002,Bắc Ninh,,,24/12/2021
KH0474,Huỳnh Minh Lan,Nu,0927272239,10/11/1976,Huế,Vàng,11647,22/10/2023
KH0475,Trần Minh Dũng,Nam,0987618209,01/07/1989,Hà Nội,,,05/04/2020
KH0476,Hoàng Minh Thắng,Nam,0900185132,2001,Huế,Kim Cương,31385,08/01/2021
KH0477,Bùi Thùy Linh,Nữ,0911841862,08-01-1979,Bình Dương,Vàng,23154,08/11/2022
KH0478,Bùi Ngọc Quỳnh,F,0933145195,1988,Bắc Ninh,,,11/10/2024
KH0479,Bùi Trọng Nam,m,84339451475,1969,Bắc Ninh,Kim Cương,9684,15/12/2023
KH0480,Ngô Ngọc Linh,Nữ,84374215226,14-08-1985,Bình Dương,,,05/11/2022
KH0481,Phan Trọng Đạt,Nam,0798788361,1998,Hải Phòng,Vàng,23704,07/01/2020
KH0482,Võ Bích Trang,Nữ,0915524728,1980,Hà Nội,,,04/12/2021
KH0483,Phan Văn Khải,Nam,0350191792,05/06/1974,Đà Nẵng,Bạc,817,27/07/2024
KH0484,Hồ Minh Phong,m,84948476570,02/03/1972,Bắc Ninh,,,01/07/2021
KH0485,Bùi Bích Yến,f,0329843624,1998,Bình Dương,,,08/07/2020
KH0486,Ngô Hoài Mạnh,Nam,0387566205,04/05/1977,Hải Phòng,Kim Cương,39530,01/04/2022
KH0487,Lê Thùy Linh,Nữ,+84979043830,19/02/1982,Đồng Nai,Bạc,3148,03/05/2022
KH0488,Huỳnh Thanh Hải,Nam,0975652156,01-03-1997,Đồng Nai,,,10/03/2020
KH0489,Bùi Xuân Dũng,m,84923322889,03/1993,Hồ Chí Minh,,,02/12/2023
KH0490,Phạm Thanh Nhung,Nữ,0922971024,02/1996,Bắc Ninh,Kim Cương,10582,09/10/2020
KH0491,Huỳnh Ngọc Linh,F,0384747219,06/1967,Bình Dương,,,22/03/2024
KH0492,Huỳnh Thùy Hiền,Nữ,0345168740,27/12/1980,Bắc Ninh,Bạc,19048,06/10/2023
KH0493,Ngô Ngọc Nga,Nu,0381577871,04-12-1976,Bình Dương,Vàng,26314,03/06/2022
KH0494,Đặng Bích Nga,f,+84391470827,19/06/1978,Bình Dương,Bạc,23690,16/04/2023
KH0495,Phạm Văn Huy,m,0374421214,28-05-1970,Bình Dương,,,22/05/2021
KH0496,Ngô Văn Dũng,Nam,+84344235677,23-06-1992,Hà Nội,,,07/02/2024
KH0497,Huỳnh Hữu Hùng,M,0382751648,21-03-1993,Hải Phòng,Bạc,14327,14/12/2021
KH0498,Đặng Trọng Tuấn,male,84973905504,23-02-1997,Đồng Nai,,,12/06/2023
KH0499,Võ Thu Linh,F,0386528928,28-05-1989,Huế,,,28/02/2024
KH0500,Hồ Đức Dũng,m,0909617981,26/10/1997,Huế,,,08/08/2021
